{
    "name": ".NET in Codespaces",
    "image": "mcr.microsoft.com/dotnet/sdk:8.0",
    "features": {
        "ghcr.io/devcontainers/features/docker-in-docker:2": {},
        "ghcr.io/devcontainers/features/github-cli:1": {
            "version": "2"
        },
        "ghcr.io/devcontainers/features/powershell:1": {
            "version": "latest"
        },
        "ghcr.io/azure/azure-dev/azd:0": {
            "version": "latest"
        },
        "ghcr.io/devcontainers/features/common-utils:2": {},
        "ghcr.io/devcontainers/features/dotnet:2": {
            "version": "none",
            "dotnetRuntimeVersions": "7.0",
            "aspNetCoreRuntimeVersions": "7.0"
        }
    },
    "customizations": {
        "vscode": {
            "extensions": [
                "ms-vscode.vscode-node-azure-pack",
                "GitHub.copilot",
                "GitHub.vscode-github-actions",
                "ms-dotnettools.vscode-dotnet-runtime",
                "ms-dotnettools.csdevkit",
                "ms-dotnetools.csharp"
            ]
        }
    },
    "forwardPorts": [
        8080,
        8081
    ],
    "postCreateCommand": "cd ./SampleApp && dotnet restore",
    "hostRequirements": {
        "memory": "8gb",
        "cpus": 4
    },
    "remoteEnv": {
        "DOTNET_MULTILEVEL_LOOKUP": "0",
        "TARGET": "net8.0"
    },
    "portsAttributes": {
        "8080": {
            "label": "Weather API",
            "onAutoForward": "notify"
        },
        "8081": {
            "label": "Weather Front End",
            "onAutoForward": "notify"
        }
    }
}
